id,title,description,source,suggested_label,human_label,notes
501,Automated transactional email notifications are stuck (#928),The background worker process is failing to dispatch registration confirmation emails. This is causing significant backlog for onboarding.,Kanombe Cargo System,HIGH,HIGH,New signup emails are not sending out today.
211,User Account Profile Information Missing,"When editing my user profile, I'm not seeing the custom field 'Company Name' that was added recently. This is blocking our workflow and preventing us from updating the info.",synthetic,MEDIUM,MEDIUM,
346,WRONG BILL AMOUNT AGAIN!!! (#544),OUR INVOICE SAYS 600 DOLLARS BUT OUR CONTRACT IS ONLY 400 DOLLARS PLEASE FIX THIS DISCREPANCY TODAY!!,Rubavu Agri Market,MEDIUM,MEDIUM,Wrong bill total on the monthly client invoice.
397,photo upload not work error (#469),we try to put photo or paper pdf file inside but it say fail. we need this today for daily job please repair soon,Rubavu Agri Market,HIGH,HIGH,File upload button is broken. Users cannot add attachments.
157,Session Timeout Issue After 15 Minutes,I'm getting logged out frequently while working on a task. This is very frustrating and causing delays in our workflow. Could you increase the session timeout period?,synthetic,MEDIUM,MEDIUM,
89,Email Notification Template,I think it'd be great if the email notification template could be customised a bit more,synthetic,LOW,LOW,
39,Ticket Search Returns Irrelevant Results,Searching tickets returns results that aren't related. Any way to refine the search function would be really helpful.,synthetic,LOW,MEDIUM,
82,Ticket Search Functionality Not Working as Expected,"The ticket search functionality is not working as expected, and it's taking too long to load results. Can you fix this?",synthetic,MEDIUM,LOW,
523,color change request (#370),we want to alter some accent layouts on the main display page when you have extra sprint bandwidth.,Kigali Beauty Platform,CRITICAL,LOW,Client wants to change a button color from green to blue.
252,invoice money wrong count (#221),hello bill we get today is wrong number. it say 600 but agreement is 400. please look and send true one,Nyamirambo Retail App,MEDIUM,MEDIUM,Wrong bill total on the monthly client invoice.
103,Subscription Billing Cycle Incorrect,"Our subscription billing cycle is not accurate, and it's causing us to get charged extra. Can you correct the billing cycle?",synthetic,MEDIUM,HIGH,
291,system failure (#555),the app is completely dead for all our office workers.,Nyamirambo Retail App,CRITICAL,CRITICAL,The entire app is down. Customers cannot buy anything.
358,invoice error,the price on the invoice sheet does not match our profile records.,Gitarama Pharmacy Web,CRITICAL,MEDIUM,Wrong bill total on the monthly client invoice.
425,WRONG BILL AMOUNT AGAIN!!! (#452),OUR INVOICE SAYS 600 DOLLARS BUT OUR CONTRACT IS ONLY 400 DOLLARS PLEASE FIX THIS DISCREPANCY TODAY!!,Kigali Beauty Platform,CRITICAL,MEDIUM,Wrong bill total on the monthly client invoice.
503,Critical system crash on payment module (#949),"Since the update at 3pm, users get a blank screen and 500 error when clicking pay. Affected domain: /api/checkout. Error code: GATEWAY_TIMEOUT. All users blocked.",Kimironko Shop System,CRITICAL,CRITICAL,Mobile money payment is failing but taking customer money.
460,DATA IS COMPLETELY GONE!!! (#255),I OPENED THE PAGE AND EVERY CLIENT RECORD IS DELETED WE ARE PANICKING FIX IT NOW NOW!!,Musanze Delivery App,HIGH,CRITICAL,All client records are missing from the screen. Team is stuck.
10,I HATE your new update!!!,I like the old UI better. Can you please revert back to the previous version?,synthetic-edge,LOW,LOW,
87,Incorrect User Permissions on Dashboard,"The user permissions displayed on the dashboard are incorrect, showing outdated or missing permissions. Please resolve this as soon as possible.",synthetic,MEDIUM,CRITICAL,
507,APP IS COMPLETELY DOWN NOW NOW!!! (#482),WE ARE LOSING EVERY SINGLE CUSTOMER MONEY IS FAILING SYSTEM IS FROZEN PLS FIX ASAP!!!!,Kanombe Cargo System,CRITICAL,CRITICAL,The entire app is down. Customers cannot buy anything.
114,Feature Request: Customizable Subscription Plans,It'd be super helpful if we could create custom subscription plans for our users. When that's a thing I'd love to set it up!,synthetic,LOW,LOW,
129,Backup job is taking an abnormally long time to complete,"Our backups are taking too long to complete, which is a significant risk to our data. Please assist us in resolving this issue ASAP.",synthetic,HIGH,HIGH,
471,Complete session database corruption after deploy (#465),"After the recent build pipeline finished, all users are kicked into a login loop. Token verification throws an unhandled null pointer error. Nobody can access dashboards.",Nyamirambo Retail App,CRITICAL,CRITICAL,Nobody can log in to work. Big emergency.
331,Inquiry regarding documentation assets for multi-tenant administration,We are setting up internal knowledge base articles and require the video walkthrough link for adding and configuring new corporate roles.,Nyamirambo Retail App,LOW,LOW,Customer needs a simple guide on how to add a worker.
320,Ransomware popup on live web server admin link (#464),Our live system admin page has been hijacked. It displays an external hacker alert demanding payment and all staff authentication tokens are rejected.,Kigali Beauty Platform,CRITICAL,CRITICAL,The main link is completely broken. Business is stopped.
506,text not inside printed report (#533),we add words on screen but when downlod pdf file that text is gone paper look empty. check when free,Rubavu Agri Market,MEDIUM,MEDIUM,Text is missing when exporting reports to a paper file.
207,Suggestion for Invoice PDF Footer Design,I think it'd be great if the footer on invoices had our company's address in it. Just a thought when convenient.,synthetic,LOW,LOW,
144,Confusing Label in Analytics Dashboard,The label on the analytics dashboard for 'New Users' could be clearer.,synthetic,LOW,LOW,
131,PII Data Exposure via API,We detected a vulnerability through our API that's exposing sensitive client data. Please address this now.,synthetic,CRITICAL,CRITICAL,
97,Password Reset Token Expiration,What's the current expiration time for password reset tokens? Just curious,synthetic,LOW,LOW,
251,app logout too quick (#265),system log out every 5 minute when stop typing. very annoying to type long passwrd again again. make long time please,Remera Tax Portal,HIGH,MEDIUM,The application logs users out way too fast.
334,color change request (#744),we want to alter some accent layouts on the main display page when you have extra sprint bandwidth.,Rubavu Agri Market,LOW,LOW,Client wants to change a button color from green to blue.
92,Third-party integration with Google Drive is throwing errors,"The integration with Google Drive is causing issues, resulting in lost productivity. We're counting on your prompt attention to this issue.",synthetic,HIGH,HIGH,
225,Minor Typo in Mobile App Settings,There's a small typo in the mobile app settings menu.,synthetic,LOW,LOW,
461,WHERE IS THE ONBOARDING MANUAL OR VIDEO?? (#144),WE HAVE INTERNS STARTING NEXT WEEK AND NEED A SIMPLE GUIDE TO SHOW THEM HOW TO USE THIS PLATFORM SEND IT!!,Kanombe Cargo System,LOW,LOW,Customer needs a simple guide on how to add a worker.
216,Font size mismatch in navigation menu.,"I really love your app, just noticed the font sizes don't match in the navigation menu. Can you please fix it? Thanks!",synthetic-edge,LOW,LOW,
215,Database Backup Settings Could Be More Secure,Thought it would be good to add an option to require a password for database backups.,synthetic,LOW,LOW,
319,emails are down,nobody is getting any automated responses from the portal today.,Nyamirambo Retail App,HIGH,HIGH,New signup emails are not sending out today.
380,Automated transactional email notifications are stuck,The background worker process is failing to dispatch registration confirmation emails. This is causing significant backlog for onboarding.,Kanombe Cargo System,HIGH,HIGH,New signup emails are not sending out today.
444,Request to alter UI button accent hex code,Could we update the primary action button color to a blue accent to better match our corporate identity system guidelines? Low priority.,Butare School Portal,LOW,LOW,Client wants to change a button color from green to blue.
229,Invoice microservice rounding error on calculation (#694),"Invoice #2938 shows a subtotal of $600 due to a tax configuration error, which contradicts the fixed $400 amount stated in our contract parameters.",Kigali Beauty Platform,MEDIUM,MEDIUM,Wrong bill total on the monthly client invoice.
407,Inquiry regarding user onboarding manual availability (#678),Could you provide a quick reference guide or video tutorial covering the addition of new staff accounts for our upcoming internal training session?,Kimironko Shop System,LOW,LOW,Customer needs a simple guide on how to add a worker.
302,invoice error (#979),the price on the invoice sheet does not match our profile records.,Kanombe Cargo System,MEDIUM,MEDIUM,Wrong bill total on the monthly client invoice.
389,hello site not working help (#350),the whole app is broken we click click nothing happens screen is white blank please help fast business stop,Kanombe Cargo System,CRITICAL,CRITICAL,The entire app is down. Customers cannot buy anything.
269,Inquiry regarding documentation assets for multi-tenant administration (#551),We are setting up internal knowledge base articles and require the video walkthrough link for adding and configuring new corporate roles.,Kimironko Shop System,LOW,LOW,Customer needs a simple guide on how to add a worker.
263,PDF layout stream omitting custom text blocks (#673),"The export module is failing to map the data stream variable to the document layout, causing blank rows in downloaded reports while web view is fine.",Gitarama Pharmacy Web,MEDIUM,MEDIUM,Text is missing when exporting reports to a paper file.
427,change button look blue color (#778),can we change green button to blue color? blue is nice for our company brand. no rush when you have time,Remera Tax Portal,LOW,LOW,Client wants to change a button color from green to blue.
208,Minor UI Issue with Font Sizes,"The font sizes in the system are not consistent, which is making it hard to read the text. Please make the font sizes uniform.",synthetic,MEDIUM,MEDIUM,
337,Billing mismatch on monthly system invoice (#512),"The automated invoicing system generated an incorrect total for this period, billing $600 instead of our baseline retainer of $400.",Kanombe Cargo System,CRITICAL,MEDIUM,Wrong bill total on the monthly client invoice.
303,text not inside printed report (#749),we add words on screen but when downlod pdf file that text is gone paper look empty. check when free,Gisenyi Hotel Booking,MEDIUM,MEDIUM,Text is missing when exporting reports to a paper file.
170,"Data loss catastrophe, urgent assistance.","Our database has been compromised, resulting in the loss of critical client information. Please help.",synthetic-edge,CRITICAL,CRITICAL,
5,User Role Permissions Not Updating Correctly,"We're having trouble updating user role permissions, and it's not reflecting correctly in the system. Can you troubleshoot this?",synthetic,MEDIUM,HIGH,
419,DASHBOARD LOADING FOREVER!!! (#572),THE SYSTEM IS SO SLOW IT TAKES 3 MINUTES THEN GIVES TIMEOUT ERROR WE CANNOT SEE THE DAILY REPORTS TODAY!!,Gisenyi Hotel Booking,HIGH,HIGH,The system is loading too slow and timing out.
105,Broken login for users with custom domains,Login attempts are failing for users whose email addresses are registered under a custom domain. This is causing a significant disruption to our business operations. Can this be resolved ASAP?,synthetic,HIGH,HIGH,
275,PDF export missing key custom data rows,"When downloading the analytics dashboard summary, the generated file fails to render the customized narrative rows present in the web layout.",Gisenyi Hotel Booking,LOW,MEDIUM,Text is missing when exporting reports to a paper file.
175,Webhook Delivery Failure on Certain Events,"Our webhooks are failing to deliver on some events, which is causing our integrations to break. Can you investigate this issue?",synthetic,MEDIUM,MEDIUM,
472,Inquiry regarding user onboarding manual availability (#581),Could you provide a quick reference guide or video tutorial covering the addition of new staff accounts for our upcoming internal training session?,Kimironko Shop System,LOW,LOW,Customer needs a simple guide on how to add a worker.
375,need documentation guide (#538),looking for an instruction link on how to manage user profiles on the platform.,Kimironko Shop System,LOW,LOW,Customer needs a simple guide on how to add a worker.
84,Active Session Loop Causing App Crash,"Our application is stuck in a continuous crash loop, wiping user sessions. Please resolve ASAP to prevent further data loss.",synthetic,CRITICAL,CRITICAL,
440,Invoice microservice rounding error on calculation (#819),"Invoice #2938 shows a subtotal of $600 due to a tax configuration error, which contradicts the fixed $400 amount stated in our contract parameters.",Butare School Portal,MEDIUM,MEDIUM,Wrong bill total on the monthly client invoice.
406,Inquiry regarding user onboarding manual availability (#279),Could you provide a quick reference guide or video tutorial covering the addition of new staff accounts for our upcoming internal training session?,Kimironko Shop System,LOW,LOW,Customer needs a simple guide on how to add a worker.
366,change button look blue color (#108),can we change green button to blue color? blue is nice for our company brand. no rush when you have time,Kimironko Shop System,LOW,LOW,Client wants to change a button color from green to blue.
504,Session lifetime parameter expiring prematurely (#815),The authentication token cookie is invalidating after 5 minutes of idle state instead of the configured 2 hours. This disrupts worker workflows.,Kanombe Cargo System,MEDIUM,MEDIUM,The application logs users out way too fast.
447,PDF export missing key custom data rows (#429),"When downloading the analytics dashboard summary, the generated file fails to render the customized narrative rows present in the web layout.",Gitarama Pharmacy Web,MEDIUM,MEDIUM,Text is missing when exporting reports to a paper file.
277,Session lifetime parameter expiring prematurely,The authentication token cookie is invalidating after 5 minutes of idle state instead of the configured 2 hours. This disrupts worker workflows.,Rubavu Agri Market,MEDIUM,MEDIUM,The application logs users out way too fast.
205,Critical Data Loss Due to Unsynced Database Backups,"Our backup process failed, leaving our database in an inconsistent state. We need a fix to prevent future losses.",synthetic,CRITICAL,HIGH,
371,DATA IS COMPLETELY GONE!!!,I OPENED THE PAGE AND EVERY CLIENT RECORD IS DELETED WE ARE PANICKING FIX IT NOW NOW!!,Musanze Delivery App,CRITICAL,CRITICAL,All client records are missing from the screen. Team is stuck.
55,Feature Request: Customizable Email Notification Templates,Would love the option to customize email notification templates to better fit our brand.,synthetic,LOW,LOW,
356,reports page loading error (#728),the page keeps spinning and won't display any numbers for our team.,Kimironko Shop System,HIGH,HIGH,The system is loading too slow and timing out.
15,"Data integrity compromised, please help.","Our database has been compromised, resulting in data inconsistencies and errors. This requires immediate resolution.",synthetic-edge,CRITICAL,CRITICAL,
329,Inquiry regarding documentation assets for multi-tenant administration (#751),We are setting up internal knowledge base articles and require the video walkthrough link for adding and configuring new corporate roles.,Musanze Delivery App,LOW,LOW,Customer needs a simple guide on how to add a worker.
413,PDF layout stream omitting custom text blocks (#495),"The export module is failing to map the data stream variable to the document layout, causing blank rows in downloaded reports while web view is fine.",Butare School Portal,MEDIUM,MEDIUM,Text is missing when exporting reports to a paper file.
340,login not open code error (#465),everyone try to enter password but it say wrong token loop. nobody can do work today please fix now now,Gisenyi Hotel Booking,CRITICAL,CRITICAL,Nobody can log in to work. Big emergency.
227,Typo correction in settings menu localization file (#131),The string asset for account_label contains a typo where 'account' is rendered as 'acount'. This needs to be polished in the next patch update.,Kimironko Shop System,LOW,LOW,Small spelling error found on the settings page.
236,hello site not working help (#669),the whole app is broken we click click nothing happens screen is white blank please help fast business stop,Kigali Beauty Platform,LOW,CRITICAL,The entire app is down. Customers cannot buy anything.
254,WHERE IS THE ONBOARDING MANUAL OR VIDEO?? (#145),WE HAVE INTERNS STARTING NEXT WEEK AND NEED A SIMPLE GUIDE TO SHOW THEM HOW TO USE THIS PLATFORM SEND IT!!,Kimironko Shop System,LOW,LOW,Customer needs a simple guide on how to add a worker.
398,everything is broken (#501),the system is down and nobody can do anything today.,Rubavu Agri Market,CRITICAL,CRITICAL,The entire app is down. Customers cannot buy anything.
309,Database replication failure causing mass data loss (#571),The core data cluster has failed after the last deploy. Active client records are no longer visible on any dashboard.,Rubavu Agri Market,CRITICAL,CRITICAL,All client records are missing from the screen. Team is stuck.
93,Rate Limiting Issue on API Requests,We're getting rate limit errors when making API requests in quick succession. Can you increase the rate limit threshold or provide a better error message?,synthetic,MEDIUM,MEDIUM,
239,app died,it just stopped working and shows a blank white screen since morning.,Kanombe Cargo System,CRITICAL,CRITICAL,The screen is frozen for everyone. Urgent fix needed.
57,Ticket Search Functionality Not Working as Expected,"When searching for tickets, it's showing incorrect results. This makes it impossible for our team to track and resolve issues efficiently.",synthetic,HIGH,MEDIUM,
158,Failed Backup and Restore Process,"Our backup and restore process has failed, resulting in data loss. Urgent assistance required to prevent further data loss",synthetic,HIGH,CRITICAL,
414,Inquiry regarding documentation assets for multi-tenant administration (#508),We are setting up internal knowledge base articles and require the video walkthrough link for adding and configuring new corporate roles.,Gitarama Pharmacy Web,LOW,LOW,Customer needs a simple guide on how to add a worker.
42,System Failure – API Calls Being Rejected,"Our API calls are being rejected due to a system failure, preventing us from serving our clients.",synthetic,CRITICAL,CRITICAL,
19,Minor Alignment Issue with File Upload Progress Bars,The file upload progress bars look a bit misaligned.,synthetic,LOW,LOW,
45,Minor UI Issue with Analytics Dashboard,"The pie charts on the analytics dashboard are a bit too small. Not a major issue, but thought I'd mention it.",synthetic,LOW,LOW,
428,system slow loading loop (#326),open page take too long time then say timeout error. we cannot do reporting today because it loop. please check why slow,Gitarama Pharmacy Web,HIGH,HIGH,The system is loading too slow and timing out.
453,no message coming to customer mail (#259),when new person make sign up they get no email link. yesterday it work fine today nothing. please look fast,Kimironko Shop System,CRITICAL,HIGH,New signup emails are not sending out today.
137,CSV Export Options,Could we add an option to export CSV files in a specific format (e.g. pipe-delimited)?,synthetic,LOW,LOW,
434,payment gateway completely down no one can pay,EVERY TRANSACTION IS FAILING ON ALL BROWSERS AND SYSTEMS MOBILE MONEY IS COMPLETELY BLOCKED BUSINESS IS FULLY STOPPED FIX NOW NOW!!,Kanombe Cargo System,CRITICAL,CRITICAL,Mobile money payment is failing but taking customer money.
66,Ticket Search Could Include More Filtering Options,"When searching tickets, it would be helpful to have more filtering options, like 'status' or 'assignee'.",synthetic,LOW,LOW,
515,Session lifetime parameter expiring prematurely (#808),The authentication token cookie is invalidating after 5 minutes of idle state instead of the configured 2 hours. This disrupts worker workflows.,Nyamirambo Retail App,MEDIUM,MEDIUM,The application logs users out way too fast.
410,login not open code error (#314),everyone try to enter password but it say wrong token loop. nobody can do work today please fix now now,Remera Tax Portal,MEDIUM,CRITICAL,Nobody can log in to work. Big emergency.
341,invoice money wrong count,hello bill we get today is wrong number. it say 600 but agreement is 400. please look and send true one,Kanombe Cargo System,MEDIUM,MEDIUM,Wrong bill total on the monthly client invoice.
2,REST API Return Empty Responses,"Our API calls are returning empty responses, resulting in failed data syncs. Urgent attention required to prevent further data inconsistencies",synthetic,HIGH,CRITICAL,
305,spelling typo found,there is a small wording mistake inside one of the description blocks in the user settings menu.,Butare School Portal,LOW,LOW,Small spelling error found on the settings page.
171,File Upload Error on Safari Browser,"We're experiencing file upload errors on Safari browser, which is causing issues with our data imports. Can you troubleshoot this?",synthetic,MEDIUM,MEDIUM,
150,Notification emails are being sent to incorrect email addresses,"Our notification emails are being sent to incorrect email addresses, which is causing confusion among our users. Please help us resolve this issue ASAP.",synthetic,HIGH,CRITICAL,
295,File upload failing with unhandled 413 exception (#366),"When clients upload files larger than 1MB on Chrome v114, the system crashes without error messages. This is blocking the compliance team onboarding loop.",Gitarama Pharmacy Web,HIGH,HIGH,File upload button is broken. Users cannot add attachments.
482,Minor typo identified within settings layout (#235),There is a minor spelling error in the account configuration tab where 'account' is misspelled with a single 'c'. Cosmetic fix.,Kimironko Shop System,LOW,LOW,Small spelling error found on the settings page.
330,DASHBOARD LOADING FOREVER!!! (#615),THE SYSTEM IS SO SLOW IT TAKES 3 MINUTES THEN GIVES TIMEOUT ERROR WE CANNOT SEE THE DAILY REPORTS TODAY!!,Remera Tax Portal,HIGH,HIGH,The system is loading too slow and timing out.
261,THE TEXT IS MISSING FROM THE PDF EXPORT!!!,IT SHOWS ON THE COMPUTER SCREEN BUT THE DOWNLOADED PAPER FILE IS COMPLETELY BLANK REMOVE THIS BUG!!,Nyamirambo Retail App,MEDIUM,MEDIUM,Text is missing when exporting reports to a paper file.
270,change button look blue color,can we change green button to blue color? blue is nice for our company brand. no rush when you have time,Kimironko Shop System,LOW,LOW,Client wants to change a button color from green to blue.
495,PDF export missing key custom data rows (#132),"When downloading the analytics dashboard summary, the generated file fails to render the customized narrative rows present in the web layout.",Kanombe Cargo System,MEDIUM,MEDIUM,Text is missing when exporting reports to a paper file.
234,getting logged out constantly (#707),the system keeps forcing me back to the sign-in screen during active intervals.,Musanze Delivery App,MEDIUM,MEDIUM,The application logs users out way too fast.
484,attachments broken (#799),the upload section is not accepting any files from our side.,Musanze Delivery App,HIGH,HIGH,File upload button is broken. Users cannot add attachments.
111,"Error sending notifications, urgent fix.",Our team is experiencing issues sending notifications to clients. This is impacting our business and requiring overtime.,synthetic-edge,HIGH,HIGH,
435,Request to alter UI button accent hex code (#498),Could we update the primary action button color to a blue accent to better match our corporate identity system guidelines? Low priority.,Kanombe Cargo System,LOW,LOW,Client wants to change a button color from green to blue.
48,Session Timeout Warning,It'd be awesome if there was a warning when the user's session is about to time out,synthetic,LOW,LOW,
155,Subscription billing errors causing account freezes,"Multiple users are experiencing account freezes due to billing errors, resulting in lost revenue. We're breaching our SLA and need this resolved today.",synthetic,HIGH,HIGH,
217,Minor Wording Issue in Session Management Documentation,The wording in the session management documentation on step 3 could be clearer.,synthetic,LOW,LOW,
314,EMAILS ARE NOT GOING TO CLIENTS!!! (#225),NEW SIGNUP EMAILS ARE FULLY STUCK AND CUSTOMERS ARE COMPLAINING FIX THIS NOW TODAY!!,Gitarama Pharmacy Web,HIGH,HIGH,New signup emails are not sending out today.
468,Session lifetime parameter expiring prematurely (#820),The authentication token cookie is invalidating after 5 minutes of idle state instead of the configured 2 hours. This disrupts worker workflows.,Remera Tax Portal,MEDIUM,MEDIUM,The application logs users out way too fast.
421,Request to modify CSS color property on confirmation button (#695),Please update the primary button class from background-color: #28a745 to #007bff to stay compliant with our internal brand guidebook.,Musanze Delivery App,LOW,LOW,Client wants to change a button color from green to blue.
196,Subscription Billing Details,I wish we could display the upcoming payment date for subscription billing,synthetic,LOW,LOW,
463,APP IS COMPLETELY DOWN NOW NOW!!! (#873),WE ARE LOSING EVERY SINGLE CUSTOMER MONEY IS FAILING SYSTEM IS FROZEN PLS FIX ASAP!!!!,Gisenyi Hotel Booking,CRITICAL,CRITICAL,The entire app is down. Customers cannot buy anything.
80,Financial reports are being generated with incorrect dates,"Our financial reports are displaying incorrect dates, which is affecting our accounting needs. We need this fixed today.",synthetic,HIGH,HIGH,
394,photo upload not work error (#659),we try to put photo or paper pdf file inside but it say fail. we need this today for daily job please repair soon,Remera Tax Portal,HIGH,HIGH,File upload button is broken. Users cannot add attachments.
132,Inconsistent User Role Assignments,The user roles assigned to some users are not persisted across different login sessions. This is causing confusion and impacting our workflow.,synthetic,MEDIUM,MEDIUM,
464,PDF layout stream omitting custom text blocks (#452),"The export module is failing to map the data stream variable to the document layout, causing blank rows in downloaded reports while web view is fine.",Rubavu Agri Market,MEDIUM,MEDIUM,Text is missing when exporting reports to a paper file.
326,app logout too quick (#449),system log out every 5 minute when stop typing. very annoying to type long passwrd again again. make long time please,Rubavu Agri Market,HIGH,MEDIUM,The application logs users out way too fast.
179,"Core feature broken, immediate attention.",Our team is unable to complete tasks due to the broken feature. This is impacting our business operations.,synthetic-edge,HIGH,HIGH,
136,Data Import Process Taking Too Long,"The data import process is taking too long, which is causing delays in our workflow. Can you optimize the import process?",synthetic,MEDIUM,MEDIUM,
516,DATA IS COMPLETELY GONE!!! (#237),I OPENED THE PAGE AND EVERY CLIENT RECORD IS DELETED WE ARE PANICKING FIX IT NOW NOW!!,Nyamirambo Retail App,CRITICAL,CRITICAL,All client records are missing from the screen. Team is stuck.
134,Mobile App Push Notification Not Received,Our mobile app push notifications are not being delivered as expected. This is impacting our ability to notify users of important updates.,synthetic,MEDIUM,MEDIUM,
391,Ransomware popup on live web server admin link,Our live system admin page has been hijacked. It displays an external hacker alert demanding payment and all staff authentication tokens are rejected.,Rubavu Agri Market,CRITICAL,CRITICAL,The main link is completely broken. Business is stopped.
342,attachments broken (#418),the upload section is not accepting any files from our side.,Gisenyi Hotel Booking,HIGH,HIGH,File upload button is broken. Users cannot add attachments.
455,WRONG BILL AMOUNT AGAIN!!! (#428),OUR INVOICE SAYS 600 DOLLARS BUT OUR CONTRACT IS ONLY 400 DOLLARS PLEASE FIX THIS DISCREPANCY TODAY!!,Nyamirambo Retail App,MEDIUM,MEDIUM,Wrong bill total on the monthly client invoice.
280,money go out but order fail,customer buy things but payment say error. mobile money take their cash but no order inside system. big problem help,Gitarama Pharmacy Web,CRITICAL,CRITICAL,Mobile money payment is failing but taking customer money.
231,color change request (#250),we want to alter some accent layouts on the main display page when you have extra sprint bandwidth.,Nyamirambo Retail App,LOW,LOW,Client wants to change a button color from green to blue.
405,Production server completely unreachable (#339),We are experiencing an unrecoverable system outage. All active API nodes are throwing a blank 500 error page. Operations are fully stopped.,Rubavu Agri Market,MEDIUM,CRITICAL,The main link is completely broken. Business is stopped.
412,WRONG BILL AMOUNT AGAIN!!! (#515),OUR INVOICE SAYS 600 DOLLARS BUT OUR CONTRACT IS ONLY 400 DOLLARS PLEASE FIX THIS DISCREPANCY TODAY!!,Kanombe Cargo System,MEDIUM,MEDIUM,Wrong bill total on the monthly client invoice.
381,Database replication failure causing mass data loss (#624),The core data cluster has failed after the last deploy. Active client records are no longer visible on any dashboard.,Musanze Delivery App,CRITICAL,CRITICAL,All client records are missing from the screen. Team is stuck.
456,login not open code error (#157),everyone try to enter password but it say wrong token loop. nobody can do work today please fix now now,Kimironko Shop System,CRITICAL,CRITICAL,Nobody can log in to work. Big emergency.
95,Mobile App Icon Size Looks Slightly Off,The mobile app icon looks a bit misaligned on the home screen.,synthetic,LOW,LOW,
308,attachments broken (#926),the upload section is not accepting any files from our side.,Remera Tax Portal,HIGH,HIGH,File upload button is broken. Users cannot add attachments.
448,reports page loading error (#219),the page keeps spinning and won't display any numbers for our team.,Remera Tax Portal,HIGH,HIGH,The system is loading too slow and timing out.
115,Database Backup Process Taking Too Long,"The database backup process is taking too long, which is causing delays in our workflow. Could you optimize the backup process?",synthetic,MEDIUM,MEDIUM,
181,Incorrect User Information Displayed,"The user information displayed in the system is not correct, and it's causing confusion. Can you correct the user information?",synthetic,MEDIUM,MEDIUM,
224,Payment Gateway Down,The payment gateway is completely down preventing clients from making payments. We need an immediate fix.,synthetic,CRITICAL,CRITICAL,
404,invoice money wrong count (#702),hello bill we get today is wrong number. it say 600 but agreement is 400. please look and send true one,Kanombe Cargo System,MEDIUM,MEDIUM,Wrong bill total on the monthly client invoice.
238,app logout too quick,system log out every 5 minute when stop typing. very annoying to type long passwrd again again. make long time please,Rubavu Agri Market,MEDIUM,MEDIUM,The application logs users out way too fast.
56,Third-Party Integration Failure Stopping Payment Processing,"Our payment gateway integration has failed, preventing our customers from making transactions. This is critical.",synthetic,CRITICAL,CRITICAL,
245,File attachment module throwing errors,Users are unable to upload any compliance documentation or image files. The system rejects the payload at 99% with an unhandled exception.,Kimironko Shop System,HIGH,HIGH,File upload button is broken. Users cannot add attachments.
408,Billing mismatch on monthly system invoice (#839),"The automated invoicing system generated an incorrect total for this period, billing $600 instead of our baseline retainer of $400.",Gitarama Pharmacy Web,MEDIUM,MEDIUM,Wrong bill total on the monthly client invoice.
99,Minor Alignment Issue with Email Notifications,The email notifications for new tickets look a bit off-centered.,synthetic,LOW,LOW,
228,File upload failing with unhandled 413 exception,"When clients upload files larger than 1MB on Chrome v114, the system crashes without error messages. This is blocking the compliance team onboarding loop.",Rubavu Agri Market,HIGH,HIGH,File upload button is broken. Users cannot add attachments.
117,Fonts in footer don't match the rest.,The font size in the footer is different from the rest of the app. Can you make it consistent?,synthetic-edge,LOW,LOW,
296,the wrong price is showing on the checkout page,the item price on the web display shows 50 dollars but when users go to purchase it switches to 75 dollars. this is causing confusion.,Gisenyi Hotel Booking,MEDIUM,MEDIUM,Wrong bill total on the monthly client invoice.
417,change button look blue color (#299),can we change green button to blue color? blue is nice for our company brand. no rush when you have time,Kigali Beauty Platform,LOW,LOW,Client wants to change a button color from green to blue.
67,"Error deleting user accounts, needs fixing.",Our team is experiencing issues deleting user accounts. This is impacting our productivity and requiring overtime.,synthetic-edge,MEDIUM,MEDIUM,
483,Request to modify CSS color property on confirmation button (#825),Please update the primary button class from background-color: #28a745 to #007bff to stay compliant with our internal brand guidebook.,Kimironko Shop System,LOW,LOW,Client wants to change a button color from green to blue.
374,reports page loading error (#739),the page keeps spinning and won't display any numbers for our team.,Remera Tax Portal,HIGH,HIGH,The system is loading too slow and timing out.
344,everything is broken (#590),the system is down and nobody can do anything today.,Gisenyi Hotel Booking,CRITICAL,CRITICAL,The entire app is down. Customers cannot buy anything.
53,Mobile App Crashes on Launch for iOS 15 Users,Our mobile app has been crashing since the last update on iOS 15 devices. This is affecting our entire team who rely on the app. Unacceptable experience,synthetic,HIGH,HIGH,
210,CSV Export Hanging,"Our CSV export is stuck in limbo, preventing us from generating the required regulatory reports.",synthetic,CRITICAL,CRITICAL,
272,emails are down (#425),nobody is getting any automated responses from the portal today.,Kanombe Cargo System,HIGH,HIGH,New signup emails are not sending out today.
159,Webhook Delivery Could Support Multiple Recipients,"When configuring webhook delivery settings, it would be great to support sending to multiple recipients.",synthetic,LOW,LOW,
390,reports page loading error (#495),the page keeps spinning and won't display any numbers for our team.,Nyamirambo Retail App,HIGH,HIGH,The system is loading too slow and timing out.
6,Invoice Number Prefix,I think it'd be great if invoices had a customisable prefix (e.g. our company name),synthetic,LOW,LOW,
505,Invoice microservice rounding error on calculation (#448),"Invoice #2938 shows a subtotal of $600 due to a tax configuration error, which contradicts the fixed $400 amount stated in our contract parameters.",Kigali Beauty Platform,MEDIUM,MEDIUM,Wrong bill total on the monthly client invoice.
384,Request to modify CSS color property on confirmation button (#108),Please update the primary button class from background-color: #28a745 to #007bff to stay compliant with our internal brand guidebook.,Nyamirambo Retail App,LOW,LOW,Client wants to change a button color from green to blue.
517,app logout too quick (#101),system log out every 5 minute when stop typing. very annoying to type long passwrd again again. make long time please,Butare School Portal,CRITICAL,MEDIUM,The application logs users out way too fast.
372,Inquiry regarding user onboarding manual availability (#637),Could you provide a quick reference guide or video tutorial covering the addition of new staff accounts for our upcoming internal training session?,Gisenyi Hotel Booking,LOW,LOW,Customer needs a simple guide on how to add a worker.
470,THE TEXT IS MISSING FROM THE PDF EXPORT!!! (#565),IT SHOWS ON THE COMPUTER SCREEN BUT THE DOWNLOADED PAPER FILE IS COMPLETELY BLANK REMOVE THIS BUG!!,Gitarama Pharmacy Web,MEDIUM,MEDIUM,Text is missing when exporting reports to a paper file.
450,emails are down (#143),nobody is getting any automated responses from the portal today.,Musanze Delivery App,HIGH,HIGH,New signup emails are not sending out today.
249,system failure (#143),the app is completely dead for all our office workers.,Musanze Delivery App,CRITICAL,CRITICAL,The entire app is down. Customers cannot buy anything.
437,DASHBOARD LOADING FOREVER!!! (#473),THE SYSTEM IS SO SLOW IT TAKES 3 MINUTES THEN GIVES TIMEOUT ERROR WE CANNOT SEE THE DAILY REPORTS TODAY!!,Kanombe Cargo System,HIGH,HIGH,The system is loading too slow and timing out.
3,Two-Factor Authentication Token Duplication,"2FA tokens are being generated in duplicate, allowing unauthorized access to user accounts.",synthetic,CRITICAL,CRITICAL,
304,need documentation guide (#602),looking for an instruction link on how to manage user profiles on the platform.,Rubavu Agri Market,LOW,LOW,Customer needs a simple guide on how to add a worker.
401,Critical system crash on payment module (#894),"Since the update at 3pm, users get a blank screen and 500 error when clicking pay. Affected domain: /api/checkout. Error code: GATEWAY_TIMEOUT. All users blocked.",Gisenyi Hotel Booking,CRITICAL,CRITICAL,Mobile money payment is failing but taking customer money.
166,Analytics Dashboard Data Refresh,It'd be great if the analytics dashboard refreshed automatically every few minutes,synthetic,LOW,LOW,
190,Database Restore Error,"Database restore from backups has failed, causing system downtime.",synthetic,CRITICAL,CRITICAL,
168,Missing User Roles in Permission Settings,Our user roles are not displayed correctly in permission settings. This affects our team's ability to manage access and permissions,synthetic,HIGH,HIGH,
465,login not open code error (#929),everyone try to enter password but it say wrong token loop. nobody can do work today please fix now now,Butare School Portal,CRITICAL,CRITICAL,Nobody can log in to work. Big emergency.
40,CSV Export File Header,Would it be possible to add a column header for the 'Created At' timestamp in CSV exports? Thanks!,synthetic,LOW,LOW,
12,File Uploads Could Have Progress Bars,"When uploading files, it would be great to see progress bars to know how much longer it'll take.",synthetic,LOW,LOW,
189,Critical Bug Preventing Customers from Accessing Their Accounts,Our latest release introduced a critical bug that prevents customers from accessing their accounts. Please resolve ASAP.,synthetic,CRITICAL,CRITICAL,
121,"SLA breach due to delayed support response time, causing customer dissatisfaction","We're experiencing a significant delay in support response time, resulting in customer dissatisfaction. We need your help to resolve this ASAP.",synthetic,HIGH,MEDIUM,
214,API Key Not Working on Certain Integrations,"We're having trouble getting API keys to work on certain integrations, which is causing issues with our data imports. Can you troubleshoot this?",synthetic,MEDIUM,HIGH,
143,Export Button Not Working on Certain Pages,"When I click the export button, it doesn't work on some pages but does on others. Have you guys noticed this issue? It's disrupting our reporting process.",synthetic,MEDIUM,MEDIUM,
206,Invoice Generation Font,The font used for invoices is a bit hard to read. Could we change it to something more readable?,synthetic,LOW,LOW,
403,DASHBOARD LOADING FOREVER!!! (#356),THE SYSTEM IS SO SLOW IT TAKES 3 MINUTES THEN GIVES TIMEOUT ERROR WE CANNOT SEE THE DAILY REPORTS TODAY!!,Butare School Portal,HIGH,HIGH,The system is loading too slow and timing out.
218,Incorrect Timezone Display in Dashboard,The system is showing the wrong timezone for our organization's location. This is annoying and making it hard to track user activities. Please correct the timezone setting ASAP.,synthetic,MEDIUM,LOW,
475,FILE UPLOAD IS TOTALLY BROKEN!!! (#548),WE CANNOT UPLOAD PDF OR PHOTOS FOR OUR WORK TODAY IT SAYS FAILED ALWAYS FIX THIS SOON IT IS VERY FRUSTRATING!!,Remera Tax Portal,HIGH,HIGH,File upload button is broken. Users cannot add attachments.
184,Database Backup Schedule Could Be More Flexible,"The database backup schedule could support more frequency options, like quarterly or bi-annually.",synthetic,LOW,LOW,
264,APP IS COMPLETELY DOWN NOW NOW!!!,WE ARE LOSING EVERY SINGLE CUSTOMER MONEY IS FAILING SYSTEM IS FROZEN PLS FIX ASAP!!!!,Gitarama Pharmacy Web,CRITICAL,CRITICAL,The entire app is down. Customers cannot buy anything.
399,PDF export missing key custom data rows (#634),"When downloading the analytics dashboard summary, the generated file fails to render the customized narrative rows present in the web layout.",Gitarama Pharmacy Web,MEDIUM,MEDIUM,Text is missing when exporting reports to a paper file.
202,Failed Two-Factor Authentication Setup,We're unable to set up two-factor authentication due to a failed setup process. Critical security risk and urgent fix necessary,synthetic,HIGH,HIGH,
278,Critical system crash on payment module (#676),"Since the update at 3pm, users get a blank screen and 500 error when clicking pay. Affected domain: /api/checkout. Error code: GATEWAY_TIMEOUT. All users blocked.",Remera Tax Portal,CRITICAL,CRITICAL,Mobile money payment is failing but taking customer money.
392,Database query causing 504 gateway timeout on reports (#904),"The SQL query for gathering monthly sales metrics lacks an index on the client_id column, causing a 45 second lock. The sales team cannot open reports.",Remera Tax Portal,HIGH,HIGH,The system is loading too slow and timing out.
500,login not open code error (#615),everyone try to enter password but it say wrong token loop. nobody can do work today please fix now now,Musanze Delivery App,CRITICAL,CRITICAL,Nobody can log in to work. Big emergency.
310,app logout too quick (#149),system log out every 5 minute when stop typing. very annoying to type long passwrd again again. make long time please,Kimironko Shop System,MEDIUM,MEDIUM,The application logs users out way too fast.
240,login not open code error,everyone try to enter password but it say wrong token loop. nobody can do work today please fix now now,Gisenyi Hotel Booking,CRITICAL,CRITICAL,Nobody can log in to work. Big emergency.
123,Password Strength Checker,I wish we could add a password strength checker for user passwords,synthetic,LOW,LOW,
112,CSV Export Timestamp Format,Could we change the timestamp format in CSV exports to something more readable?,synthetic,LOW,LOW,
243,EMAILS ARE NOT GOING TO CLIENTS!!!,NEW SIGNUP EMAILS ARE FULLY STUCK AND CUSTOMERS ARE COMPLAINING FIX THIS NOW TODAY!!,Gisenyi Hotel Booking,HIGH,HIGH,New signup emails are not sending out today.
297,Typo correction in settings menu localization file (#992),The string asset for account_label contains a typo where 'account' is rendered as 'acount'. This needs to be polished in the next patch update.,Remera Tax Portal,CRITICAL,LOW,Small spelling error found on the settings page.
386,FILE UPLOAD IS TOTALLY BROKEN!!! (#822),WE CANNOT UPLOAD PDF OR PHOTOS FOR OUR WORK TODAY IT SAYS FAILED ALWAYS FIX THIS SOON IT IS VERY FRUSTRATING!!,Kigali Beauty Platform,HIGH,HIGH,File upload button is broken. Users cannot add attachments.
499,DATA IS COMPLETELY GONE!!! (#426),I OPENED THE PAGE AND EVERY CLIENT RECORD IS DELETED WE ARE PANICKING FIX IT NOW NOW!!,Gisenyi Hotel Booking,MEDIUM,CRITICAL,All client records are missing from the screen. Team is stuck.
321,File attachment module throwing errors (#611),Users are unable to upload any compliance documentation or image files. The system rejects the payload at 99% with an unhandled exception.,Kanombe Cargo System,HIGH,HIGH,File upload button is broken. Users cannot add attachments.
514,invoice error (#526),the price on the invoice sheet does not match our profile records.,Butare School Portal,MEDIUM,MEDIUM,Wrong bill total on the monthly client invoice.
422,reports page loading error (#290),the page keeps spinning and won't display any numbers for our team.,Nyamirambo Retail App,HIGH,HIGH,The system is loading too slow and timing out.
194,Password Reset Email Not Sent,"When attempting to reset my password, the email containing the reset link is not being sent. This needs to be fixed to enable password reset.",synthetic,MEDIUM,MEDIUM,
4,Payment Checkout Error with Credit Card,"We're experiencing issues with the payment checkout process when using credit cards, resulting in failed transactions. Please investigate and resolve this soon.",synthetic,MEDIUM,HIGH,
445,Inquiry regarding user onboarding manual availability (#729),Could you provide a quick reference guide or video tutorial covering the addition of new staff accounts for our upcoming internal training session?,Butare School Portal,LOW,LOW,Customer needs a simple guide on how to add a worker.
199,CSV Export Failure Due to Data Type Incompatibility,Our CSV export function is not working due to incompatible data types. This is stopping our reporting process.,synthetic,CRITICAL,CRITICAL,
349,invoice error (#584),the price on the invoice sheet does not match our profile records.,Nyamirambo Retail App,MEDIUM,MEDIUM,Wrong bill total on the monthly client invoice.
489,APP IS COMPLETELY DOWN NOW NOW!!! (#588),WE ARE LOSING EVERY SINGLE CUSTOMER MONEY IS FAILING SYSTEM IS FROZEN PLS FIX ASAP!!!!,Nyamirambo Retail App,CRITICAL,CRITICAL,The entire app is down. Customers cannot buy anything.
100,You're the WORST!!! The colors are all wrong!!!,I'm trying to use your app for work and the colors are not what I'm used to. Can you please change them?,synthetic-edge,LOW,LOW,
220,Inconsistent Session Timeout,"The session timeout is inconsistent across different login sessions, resulting in unexpected logouts. We need this fixed to prevent this issue.",synthetic,MEDIUM,LOW,
288,need documentation guide (#374),looking for an instruction link on how to manage user profiles on the platform.,Gisenyi Hotel Booking,LOW,LOW,Customer needs a simple guide on how to add a worker.
511,EMAILS ARE NOT GOING TO CLIENTS!!! (#446),NEW SIGNUP EMAILS ARE FULLY STUCK AND CUSTOMERS ARE COMPLAINING FIX THIS NOW TODAY!!,Kigali Beauty Platform,HIGH,HIGH,New signup emails are not sending out today.
345,Typo correction in settings menu localization file (#573),The string asset for account_label contains a typo where 'account' is rendered as 'acount'. This needs to be polished in the next patch update.,Kanombe Cargo System,LOW,LOW,Small spelling error found on the settings page.
312,need documentation guide,looking for an instruction link on how to manage user profiles on the platform.,Kanombe Cargo System,HIGH,LOW,Customer needs a simple guide on how to add a worker.
493,FILE UPLOAD IS TOTALLY BROKEN!!! (#805),WE CANNOT UPLOAD PDF OR PHOTOS FOR OUR WORK TODAY IT SAYS FAILED ALWAYS FIX THIS SOON IT IS VERY FRUSTRATING!!,Kimironko Shop System,HIGH,HIGH,File upload button is broken. Users cannot add attachments.
73,"System shut down, please revive.","The app's API is down, leading to errors and data inconsistencies. This will compromise our business operations.",synthetic-edge,CRITICAL,CRITICAL,
418,attachments broken (#333),the upload section is not accepting any files from our side.,Nyamirambo Retail App,HIGH,HIGH,File upload button is broken. Users cannot add attachments.
120,Unsecured API Key Exposing User Account Information,We've discovered an unsecured API key exposing user account data. We need this fixed immediately.,synthetic,CRITICAL,CRITICAL,
256,Critical system crash on payment module (#359),"Since the update at 3pm, users get a blank screen and 500 error when clicking pay. Affected domain: /api/checkout. Error code: GATEWAY_TIMEOUT. All users blocked.",Gisenyi Hotel Booking,CRITICAL,CRITICAL,Mobile money payment is failing but taking customer money.
35,Active Security Breach via Unpatched Vulnerability,We've identified an unpatched vulnerability that's currently being exploited. We need immediate assistance to remediate.,synthetic,CRITICAL,CRITICAL,
343,no message coming to customer mail,when new person make sign up they get no email link. yesterday it work fine today nothing. please look fast,Butare School Portal,HIGH,HIGH,New signup emails are not sending out today.
411,THERE IS A TYPO ON THE SETTINGS PAGE!!! (#591),IT SAYS ACOUNT INSTEAD OF ACCOUNT FIX THIS MINOR SPELLING MISTAKE IN THE NEXT SPRINT UPDATE!!,Gitarama Pharmacy Web,LOW,LOW,Small spelling error found on the settings page.
510,EMAILS ARE NOT GOING TO CLIENTS!!! (#588),NEW SIGNUP EMAILS ARE FULLY STUCK AND CUSTOMERS ARE COMPLAINING FIX THIS NOW TODAY!!,Gisenyi Hotel Booking,LOW,HIGH,New signup emails are not sending out today.
491,hello site not working help (#339),the whole app is broken we click click nothing happens screen is white blank please help fast business stop,Rubavu Agri Market,CRITICAL,CRITICAL,The entire app is down. Customers cannot buy anything.
247,THERE IS A TYPO ON THE SETTINGS PAGE!!! (#817),IT SAYS ACOUNT INSTEAD OF ACCOUNT FIX THIS MINOR SPELLING MISTAKE IN THE NEXT SPRINT UPDATE!!,Kimironko Shop System,CRITICAL,LOW,Small spelling error found on the settings page.
49,Error on File Download from Platform,Our users are experiencing errors when downloading files from our platform. Urgent fix needed to prevent data loss,synthetic,HIGH,HIGH,
156,Minor UI Issue with Modal Dialogs,"The modal dialogs in the system are not responsive on smaller screens, which makes it hard to interact with them. Please make them mobile-friendly soon.",synthetic,MEDIUM,LOW,
145,Mobile App Crashes on Login,Users are unable to access the app due to a persistent login error. Resolve this today to avoid business disruption.,synthetic,CRITICAL,CRITICAL,
101,Password reset link is expired after 10 minutes,"The password reset link is expiring too quickly, making it difficult for users to reset their passwords. Can this time limit be increased?",synthetic,HIGH,MEDIUM,
430,Severe performance latency causing gateway timeouts (#876),"The main analytical reports page is experiencing massive response delays, averaging 45 seconds before dropping the connection. Sales team cannot work.",Kanombe Cargo System,HIGH,HIGH,The system is loading too slow and timing out.
33,Two-factor authentication is not working for users with certain browsers,"Our users are experiencing issues with 2FA on certain browsers, which is creating security concerns. Can this be resolved today?",synthetic,HIGH,HIGH,
139,API Keys Not Validating Correctly,"Our API keys are not validating correctly, resulting in unauthorized access. Critical security risk and urgent fix needed",synthetic,HIGH,CRITICAL,
318,DASHBOARD LOADING FOREVER!!! (#372),THE SYSTEM IS SO SLOW IT TAKES 3 MINUTES THEN GIVES TIMEOUT ERROR WE CANNOT SEE THE DAILY REPORTS TODAY!!,Butare School Portal,HIGH,HIGH,The system is loading too slow and timing out.
30,"SLA breach due to delayed response time, causing revenue loss","We're experiencing a significant delay in response time, resulting in revenue loss and customer dissatisfaction. We need your help to resolve this ASAP.",synthetic,HIGH,HIGH,
180,Data Exposed via Publicly Accessible REST API,"Our API was left unsecured, exposing sensitive customer data to the public. We need immediate assistance.",synthetic,CRITICAL,CRITICAL,
235,Request to modify CSS color property on confirmation button,Please update the primary button class from background-color: #28a745 to #007bff to stay compliant with our internal brand guidebook.,Gisenyi Hotel Booking,LOW,LOW,Client wants to change a button color from green to blue.
363,JWT token expiration time set to 300 seconds instead of 7200,"The session timeout variable on the frontend environment config is hardcoded to 5 minutes, ignoring the global database parameter setting.",Gitarama Pharmacy Web,MEDIUM,MEDIUM,The application logs users out way too fast.
108,User Role Permissions Inheritance,Could we add a feature for role permissions to inherit from parent roles?,synthetic,LOW,LOW,
361,Ransomware popup on live web server admin link (#675),Our live system admin page has been hijacked. It displays an external hacker alert demanding payment and all staff authentication tokens are rejected.,Gitarama Pharmacy Web,CRITICAL,CRITICAL,The main link is completely broken. Business is stopped.
176,Slowing Database Backup Schedule,"Our database backups are taking longer than usual, affecting our workflow. The backups completed in 2 hours yesterday, now it takes about 4 hours each day.",synthetic,MEDIUM,MEDIUM,
141,New update is super slow!!!,"I like the new features, but the app is taking forever to load. Can you please optimize it?",synthetic-edge,LOW,LOW,
385,the button color looks a bit off,the green shade used on the main screen dashboard does not match our style guidelines precisely. please alter whenever convenient.,Gitarama Pharmacy Web,LOW,LOW,Client wants to change a button color from green to blue.
226,File Uploads Failing with No Error Messages,We're unable to upload files to your platform due to no error messages. Frustrating experience for our users,synthetic,HIGH,HIGH,
449,Database query causing 504 gateway timeout on reports (#558),"The SQL query for gathering monthly sales metrics lacks an index on the client_id column, causing a 45 second lock. The sales team cannot open reports.",Kimironko Shop System,HIGH,HIGH,The system is loading too slow and timing out.
362,how to put new worker inside (#757),hello we have new person coming next week. how do we add them inside app? you have simple video or text link? thanks,Rubavu Agri Market,LOW,LOW,Customer needs a simple guide on how to add a worker.
311,system failure (#849),the app is completely dead for all our office workers.,Kanombe Cargo System,CRITICAL,CRITICAL,The entire app is down. Customers cannot buy anything.
246,File upload failing with unhandled 413 exception (#634),"When clients upload files larger than 1MB on Chrome v114, the system crashes without error messages. This is blocking the compliance team onboarding loop.",Kigali Beauty Platform,MEDIUM,HIGH,File upload button is broken. Users cannot add attachments.
424,EMAILS ARE NOT GOING TO CLIENTS!!! (#979),NEW SIGNUP EMAILS ARE FULLY STUCK AND CUSTOMERS ARE COMPLAINING FIX THIS NOW TODAY!!,Gitarama Pharmacy Web,CRITICAL,HIGH,New signup emails are not sending out today.
522,system failure (#321),the app is completely dead for all our office workers.,Musanze Delivery App,CRITICAL,CRITICAL,The entire app is down. Customers cannot buy anything.
393,how to put new worker inside (#357),hello we have new person coming next week. how do we add them inside app? you have simple video or text link? thanks,Rubavu Agri Market,LOW,LOW,Customer needs a simple guide on how to add a worker.
284,invoice money wrong count (#905),hello bill we get today is wrong number. it say 600 but agreement is 400. please look and send true one,Rubavu Agri Market,MEDIUM,MEDIUM,Wrong bill total on the monthly client invoice.
160,Subscription Cancellation Not Processing Correctly,"We're having trouble cancelling subscriptions, and it's not processing correctly in the system. Can you investigate this issue?",synthetic,MEDIUM,CRITICAL,
369,Invoice microservice rounding error on calculation (#224),"Invoice #2938 shows a subtotal of $600 due to a tax configuration error, which contradicts the fixed $400 amount stated in our contract parameters.",Remera Tax Portal,MEDIUM,MEDIUM,Wrong bill total on the monthly client invoice.
387,spelling bad word in account setup (#656),i see small mistake in setting tab text. it say 'acount' instead of true spelling. just minor thing for next update,Kanombe Cargo System,LOW,LOW,Small spelling error found on the settings page.
313,spelling bad word in account setup,i see small mistake in setting tab text. it say 'acount' instead of true spelling. just minor thing for next update,Butare School Portal,LOW,LOW,Small spelling error found on the settings page.
379,Automated transactional email notifications are stuck (#875),The background worker process is failing to dispatch registration confirmation emails. This is causing significant backlog for onboarding.,Gisenyi Hotel Booking,HIGH,HIGH,New signup emails are not sending out today.
443,reports page loading error,the page keeps spinning and won't display any numbers for our team.,Butare School Portal,HIGH,HIGH,The system is loading too slow and timing out.
353,Invoice microservice rounding error on calculation (#820),"Invoice #2938 shows a subtotal of $600 due to a tax configuration error, which contradicts the fixed $400 amount stated in our contract parameters.",Kigali Beauty Platform,MEDIUM,MEDIUM,Wrong bill total on the monthly client invoice.
477,Session lifetime parameter expiring prematurely (#491),The authentication token cookie is invalidating after 5 minutes of idle state instead of the configured 2 hours. This disrupts worker workflows.,Musanze Delivery App,MEDIUM,MEDIUM,The application logs users out way too fast.
462,app died (#271),it just stopped working and shows a blank white screen since morning.,Gisenyi Hotel Booking,CRITICAL,CRITICAL,The screen is frozen for everyone. Urgent fix needed.
237,Invoice microservice rounding error on calculation,"Invoice #2938 shows a subtotal of $600 due to a tax configuration error, which contradicts the fixed $400 amount stated in our contract parameters.",Remera Tax Portal,MEDIUM,MEDIUM,Wrong bill total on the monthly client invoice.
488,hello site not working help (#644),the whole app is broken we click click nothing happens screen is white blank please help fast business stop,Kigali Beauty Platform,CRITICAL,CRITICAL,The entire app is down. Customers cannot buy anything.
36,REST API Rate Limiting Error,We're experiencing rate limiting errors when using the REST API to update user data. The API response is incorrect and requires manual intervention.,synthetic,MEDIUM,MEDIUM,
339,THERE IS A TYPO ON THE SETTINGS PAGE!!! (#374),IT SAYS ACOUNT INSTEAD OF ACCOUNT FIX THIS MINOR SPELLING MISTAKE IN THE NEXT SPRINT UPDATE!!,Remera Tax Portal,LOW,LOW,Small spelling error found on the settings page.
274,Request to modify CSS color property on confirmation button (#805),Please update the primary button class from background-color: #28a745 to #007bff to stay compliant with our internal brand guidebook.,Butare School Portal,CRITICAL,LOW,Client wants to change a button color from green to blue.
373,photo upload not work error (#603),we try to put photo or paper pdf file inside but it say fail. we need this today for daily job please repair soon,Kanombe Cargo System,HIGH,HIGH,File upload button is broken. Users cannot add attachments.
154,Audit Log Entries Could Include More Details,Thought it would be useful if the audit log entries included more details about the action taken.,synthetic,LOW,LOW,
300,Inquiry regarding user onboarding manual availability,Could you provide a quick reference guide or video tutorial covering the addition of new staff accounts for our upcoming internal training session?,Musanze Delivery App,LOW,LOW,Customer needs a simple guide on how to add a worker.
191,Session Management Failure Causing System Crash Loop,"Our session management is malfunctioning, causing our application to crash loop. Please resolve ASAP.",synthetic,CRITICAL,CRITICAL,
201,User Role Access Not Updating Correctly,"We're having trouble updating user role access, and it's not reflecting correctly in the system. Can you troubleshoot this?",synthetic,MEDIUM,MEDIUM,
76,REST API Could Support Basic Authentication,Would be really helpful if the REST API supported basic authentication for added security.,synthetic,LOW,LOW,
24,Payment Checkout Button Not Disabled,The payment checkout button is still active even though the user has an active subscription. This should be disabled to prevent accidental payments.,synthetic,MEDIUM,MEDIUM,
307,THE APP LOGS ME OUT EVERY 5 MINUTES!!! (#701),THIS IS SO ANNOYING I HAVE TO RE-ENTER MY PASSWORD EVERY TIME I STOP TYPING FOR A SECOND MAKE THE TIME LONGER!!,Nyamirambo Retail App,CRITICAL,MEDIUM,The application logs users out way too fast.
153,Password Policy Enforcement Failure,"Our password policy is no longer enforcing, causing unnecessary security risks to user accounts.",synthetic,CRITICAL,CRITICAL,
98,REST API Could Support API Keys,Would be really helpful if the REST API supported API keys for authentication.,synthetic,LOW,LOW,
88,"Database connection error, please assist.","The database is failing to connect, resulting in data inconsistencies and errors. This requires immediate resolution.",synthetic-edge,CRITICAL,CRITICAL,
433,Production server completely unreachable (#917),We are experiencing an unrecoverable system outage. All active API nodes are throwing a blank 500 error page. Operations are fully stopped.,Remera Tax Portal,CRITICAL,CRITICAL,The main link is completely broken. Business is stopped.
370,WRONG BILL AMOUNT AGAIN!!! (#911),OUR INVOICE SAYS 600 DOLLARS BUT OUR CONTRACT IS ONLY 400 DOLLARS PLEASE FIX THIS DISCREPANCY TODAY!!,Remera Tax Portal,MEDIUM,MEDIUM,Wrong bill total on the monthly client invoice.
466,reports page loading error (#301),the page keeps spinning and won't display any numbers for our team.,Nyamirambo Retail App,HIGH,HIGH,The system is loading too slow and timing out.
262,Complete session database corruption after deploy (#652),"After the recent build pipeline finished, all users are kicked into a login loop. Token verification throws an unhandled null pointer error. Nobody can access dashboards.",Musanze Delivery App,CRITICAL,CRITICAL,Nobody can log in to work. Big emergency.
16,Analytics Dashboard Chart Not Updating,The charts on the analytics dashboard are not updating in real-time as expected. This requires manual intervention to update the reports.,synthetic,MEDIUM,MEDIUM,
292,SMTP relay server authentication failing,The email dispatch queue is throwing credential errors on the /v1/send node. No activation links have left the platform since the morning update.,Kimironko Shop System,HIGH,HIGH,New signup emails are not sending out today.
23,"Error deleting files, immediate assistance.",Our team is experiencing issues deleting files in the app. This is impacting our productivity and requiring overtime.,synthetic-edge,MEDIUM,MEDIUM,
347,Severe performance latency causing gateway timeouts (#798),"The main analytical reports page is experiencing massive response delays, averaging 45 seconds before dropping the connection. Sales team cannot work.",Kimironko Shop System,HIGH,HIGH,The system is loading too slow and timing out.
212,Subscription Billing Inconsistent Renewal Dates,"Our subscription billing is inconsistent, resulting in incorrect renewal dates and impacting our revenue tracking.",synthetic,MEDIUM,CRITICAL,
18,User Account Lockout Loop,"A user account lockout issue is causing continuous lockout, preventing clients from accessing the platform.",synthetic,CRITICAL,CRITICAL,
230,Total payment gateway checkout freeze,The primary mobile money and card processing link has stopped working. Every live transaction is hanging indefinitely and failing.,Kimironko Shop System,CRITICAL,CRITICAL,Mobile money payment is failing but taking customer money.
250,ALL LOGIN IS BROKEN HELP!!! (#664),NOBODY IN THE WHOLE OFFICE CAN LOG IN SINCE 1 HOUR!! EVERYTHING IS BLANK SCREEN FIX THIS NOW!!,Remera Tax Portal,CRITICAL,CRITICAL,Nobody can log in to work. Big emergency.
316,payment button not working for some users,we noticed that clients trying to check out using the old safari web app get a frozen page. chrome users can pay completely fine.,Gitarama Pharmacy Web,HIGH,HIGH,File upload button is broken. Users cannot add attachments.
352,invoice error (#886),the price on the invoice sheet does not match our profile records.,Musanze Delivery App,MEDIUM,MEDIUM,Wrong bill total on the monthly client invoice.
438,getting logged out constantly (#245),the system keeps forcing me back to the sign-in screen during active intervals.,Nyamirambo Retail App,HIGH,MEDIUM,The application logs users out way too fast.
54,Security Audit Log Overload,"Audit logs are being written at an alarming rate, causing system overload and potential security risks.",synthetic,CRITICAL,CRITICAL,
377,system slow loading loop (#760),open page take too long time then say timeout error. we cannot do reporting today because it loop. please check why slow,Musanze Delivery App,HIGH,HIGH,The system is loading too slow and timing out.
110,REST API Error Handling Could Be Improved,"When an error occurs with the REST API, the error message could be more informative.",synthetic,LOW,LOW,
260,how to put new worker inside (#739),hello we have new person coming next week. how do we add them inside app? you have simple video or text link? thanks,Gisenyi Hotel Booking,MEDIUM,LOW,Customer needs a simple guide on how to add a worker.
467,money go out but order fail (#468),customer buy things but payment say error. mobile money take their cash but no order inside system. big problem help,Nyamirambo Retail App,CRITICAL,CRITICAL,Mobile money payment is failing but taking customer money.
223,User Role Hierarchy,Could we add a feature to create a role hierarchy? That would be super helpful,synthetic,LOW,LOW,
60,Publicly Accessible Database Credentials Exposing Sensitive Data,"Our database credentials were left exposed, putting sensitive customer data at risk. Please resolve ASAP.",synthetic,CRITICAL,CRITICAL,
133,Unpersisted Two-Factor Authentication,"After enabling two-factor authentication on my account, it's disabled the next time I log in. Please resolve this as soon as possible.",synthetic,MEDIUM,CRITICAL,
282,hello site not working help (#870),the whole app is broken we click click nothing happens screen is white blank please help fast business stop,Gitarama Pharmacy Web,CRITICAL,CRITICAL,The entire app is down. Customers cannot buy anything.
188,Webhook Delivery Issues with New Features,"Our webhooks are not triggering new features as expected, resulting in missed notifications to our users. High priority fix needed",synthetic,HIGH,HIGH,
429,attachments broken (#851),the upload section is not accepting any files from our side.,Kanombe Cargo System,HIGH,HIGH,File upload button is broken. Users cannot add attachments.
187,Irreversible Session Loss,Session wipeout is continuously deleting user sessions causing user experience issues. This must be resolved by the end of the day.,synthetic,CRITICAL,CRITICAL,
486,ALL LOGIN IS BROKEN HELP!!! (#225),NOBODY IN THE WHOLE OFFICE CAN LOG IN SINCE 1 HOUR!! EVERYTHING IS BLANK SCREEN FIX THIS NOW!!,Kimironko Shop System,CRITICAL,CRITICAL,Nobody can log in to work. Big emergency.
213,Invalidated Session Tokens,"Our session tokens are being invalidated prematurely, resulting in frequent logouts. Urgent assistance required",synthetic,HIGH,HIGH,
351,SMTP relay server authentication failing (#596),The email dispatch queue is throwing credential errors on the /v1/send node. No activation links have left the platform since the morning update.,Rubavu Agri Market,HIGH,HIGH,New signup emails are not sending out today.
203,Mobile App Sync Issue with Server,"Our mobile app is having trouble syncing data with the server, resulting in delayed updates. The sync process is slow and unreliable.",synthetic,MEDIUM,MEDIUM,
301,money go out but order fail (#487),customer buy things but payment say error. mobile money take their cash but no order inside system. big problem help,Kimironko Shop System,CRITICAL,CRITICAL,Mobile money payment is failing but taking customer money.
508,login not open code error (#359),everyone try to enter password but it say wrong token loop. nobody can do work today please fix now now,Gitarama Pharmacy Web,CRITICAL,CRITICAL,Nobody can log in to work. Big emergency.
140,"REST API is returning incorrect user data, affecting our app","Our app is fetching incorrect user data from the API, resulting in incorrect functionality. We need your help to resolve this ASAP.",synthetic,HIGH,CRITICAL,
172,Analytics Dashboard Could Support Customizable Dashboards,Would love the option to customize the analytics dashboard to show only the metrics that matter to me.,synthetic,LOW,LOW,
65,Two-Factor Authentication Failure,Security breach detected: all 2FA tokens are being generated with incorrect secrets. Fix this before we're hacked further.,synthetic,CRITICAL,CRITICAL,
487,SMTP relay server authentication failing (#925),The email dispatch queue is throwing credential errors on the /v1/send node. No activation links have left the platform since the morning update.,Butare School Portal,CRITICAL,HIGH,New signup emails are not sending out today.
81,API Request Failure Causing System Failure,"Our API request has failed, causing our platform to fail. We need a fix to prevent future failures.",synthetic,CRITICAL,CRITICAL,
86,File Upload Limit Exceeded Causing System Failure,"Our file upload limit has been exceeded, causing our platform to crash. We need a fix to prevent future failures.",synthetic,CRITICAL,CRITICAL,
14,"REST API is returning incorrect payment data, affecting our app","Our app is fetching incorrect payment data from the API, resulting in incorrect functionality. We need your help to resolve this ASAP.",synthetic,HIGH,CRITICAL,
64,Production Database Unreachable Causing System Failure,Our database has become unresponsive. This has caused our platform to crash. We can't afford downtime.,synthetic,CRITICAL,CRITICAL,
474,Minor typo identified within settings layout (#177),There is a minor spelling error in the account configuration tab where 'account' is misspelled with a single 'c'. Cosmetic fix.,Musanze Delivery App,LOW,LOW,Small spelling error found on the settings page.
233,SMTP relay server authentication failing (#275),The email dispatch queue is throwing credential errors on the /v1/send node. No activation links have left the platform since the morning update.,Rubavu Agri Market,HIGH,HIGH,New signup emails are not sending out today.
266,everything is broken,the system is down and nobody can do anything today.,Kimironko Shop System,MEDIUM,CRITICAL,The entire app is down. Customers cannot buy anything.
126,File Uploads Not Working with Large Files,"We're having trouble uploading large files, and it's causing issues with our data imports. Could you optimize the file upload process?",synthetic,MEDIUM,MEDIUM,
118,Unreliable Two-Factor Authentication with Google Auth,"We're experiencing issues with two-factor authentication when using Google Auth, resulting in incorrect authentication requests.",synthetic,MEDIUM,CRITICAL,
273,text not inside printed report (#521),we add words on screen but when downlod pdf file that text is gone paper look empty. check when free,Kanombe Cargo System,MEDIUM,MEDIUM,Text is missing when exporting reports to a paper file.
473,Complete session database corruption after deploy,"After the recent build pipeline finished, all users are kicked into a login loop. Token verification throws an unhandled null pointer error. Nobody can access dashboards.",Kigali Beauty Platform,CRITICAL,CRITICAL,Nobody can log in to work. Big emergency.
209,Unreliable payment checkout due to expired SSL cert,We've noticed an increase in failed payments since the SSL certificate expired. This is unacceptable and we need this fixed immediately. Our customers are being affected.,synthetic,HIGH,HIGH,
47,File Uploads Disabled Due to Excessive Resource Utilization,Our agents are unable to upload files to customer accounts. This has stopped our workflow. Please resolve ASAP.,synthetic,CRITICAL,CRITICAL,
50,Incomplete File Uploads,"Our cloud-based file storage is unable to complete file uploads, affecting client onboarding.",synthetic,CRITICAL,HIGH,
185,Analytics Dashboard Custom Field Display,"The custom fields on the analytics dashboard are not being displayed as expected, resulting in missing data. This requires manual intervention to update the reports.",synthetic,MEDIUM,MEDIUM,
25,Unsecured Data Storage Causing Compliance Issues,"We've discovered unsecured data storage, putting our organization at risk of non-compliance. Please resolve ASAP.",synthetic,CRITICAL,CRITICAL,
116,Analytics Dashboard Not Loading Correctly,"Our analytics dashboard is not loading properly, resulting in inaccurate data analysis. Critical for our business decisions",synthetic,HIGH,HIGH,
59,"User session timeout is set to 60 seconds, causing inconvenience","The short session timeout is causing users to be logged out frequently, which is frustrating for them. Can we increase the session timeout?",synthetic,HIGH,MEDIUM,
130,System Crash Loop Caused by Inconsistent Session Management,Our application is stuck in a continuous crash loop due to inconsistent session management. Please resolve now.,synthetic,CRITICAL,CRITICAL,
299,text not inside printed report (#366),we add words on screen but when downlod pdf file that text is gone paper look empty. check when free,Nyamirambo Retail App,MEDIUM,MEDIUM,Text is missing when exporting reports to a paper file.
332,system slow loading loop,open page take too long time then say timeout error. we cannot do reporting today because it loop. please check why slow,Gisenyi Hotel Booking,HIGH,HIGH,The system is loading too slow and timing out.
259,photo upload not work error,we try to put photo or paper pdf file inside but it say fail. we need this today for daily job please repair soon,Kigali Beauty Platform,HIGH,HIGH,File upload button is broken. Users cannot add attachments.
509,Critical system crash on payment module (#782),"Since the update at 3pm, users get a blank screen and 500 error when clicking pay. Affected domain: /api/checkout. Error code: GATEWAY_TIMEOUT. All users blocked.",Kanombe Cargo System,CRITICAL,CRITICAL,Mobile money payment is failing but taking customer money.
77,Email Notifications Delayed or Not Sent,Our users are reporting delayed or missing email notifications. This affects our communication with clients and vendors,synthetic,HIGH,MEDIUM,
383,File attachment module throwing errors (#553),Users are unable to upload any compliance documentation or image files. The system rejects the payload at 99% with an unhandled exception.,Musanze Delivery App,HIGH,HIGH,File upload button is broken. Users cannot add attachments.
219,Payment Processing Freeze,"All payments made via the platform are becoming frozen, preventing clients from making necessary transactions.",synthetic,CRITICAL,CRITICAL,
317,emails are down (#199),nobody is getting any automated responses from the portal today.,Rubavu Agri Market,HIGH,HIGH,New signup emails are not sending out today.
244,attachments broken,the upload section is not accepting any files from our side.,Musanze Delivery App,HIGH,HIGH,File upload button is broken. Users cannot add attachments.
426,Critical system crash on payment module (#275),"Since the update at 3pm, users get a blank screen and 500 error when clicking pay. Affected domain: /api/checkout. Error code: GATEWAY_TIMEOUT. All users blocked.",Musanze Delivery App,HIGH,CRITICAL,Mobile money payment is failing but taking customer money.
357,Request to alter UI button accent hex code (#832),Could we update the primary action button color to a blue accent to better match our corporate identity system guidelines? Low priority.,Butare School Portal,LOW,LOW,Client wants to change a button color from green to blue.
85,Subscription Renewal Notifications Not Sent,"We're not receiving subscription renewal notifications, which is causing us to miss payments. Can you investigate this issue?",synthetic,MEDIUM,MEDIUM,
8,Missing Invoice Generation,"Invoices are being generated with incorrect dates, causing discrepancies in client records. We can't afford to delay this fix.",synthetic,CRITICAL,CRITICAL,
52,Error on Integration with Zendesk,Our Zendesk integration is failing with an error. This affects our team's ticket management and customer support,synthetic,HIGH,HIGH,
294,Database replication failure causing mass data loss (#780),The core data cluster has failed after the last deploy. Active client records are no longer visible on any dashboard.,Musanze Delivery App,CRITICAL,CRITICAL,All client records are missing from the screen. Team is stuck.
68,Database Backups Not Running,"Backup jobs aren't running as scheduled, putting our data at risk of permanent loss during the next disaster.",synthetic,CRITICAL,CRITICAL,
119,Minor Wording Issue in Audit Log Documentation,The wording in the audit log documentation could be clearer and easier to understand.,synthetic,LOW,LOW,
350,Request to alter UI button accent hex code (#299),Could we update the primary action button color to a blue accent to better match our corporate identity system guidelines? Low priority.,Gisenyi Hotel Booking,LOW,LOW,Client wants to change a button color from green to blue.
498,Total payment gateway checkout freeze (#599),The primary mobile money and card processing link has stopped working. Every live transaction is hanging indefinitely and failing.,Kigali Beauty Platform,CRITICAL,CRITICAL,Mobile money payment is failing but taking customer money.
306,system slow loading loop (#958),open page take too long time then say timeout error. we cannot do reporting today because it loop. please check why slow,Gisenyi Hotel Booking,HIGH,HIGH,The system is loading too slow and timing out.
169,Audit Logging Missing Critical Events,Our audit log is missing critical events that have occurred in the system. This makes it impossible to track security incidents,synthetic,HIGH,CRITICAL,
476,Inquiry regarding user onboarding manual availability (#634),Could you provide a quick reference guide or video tutorial covering the addition of new staff accounts for our upcoming internal training session?,Gisenyi Hotel Booking,LOW,LOW,Customer needs a simple guide on how to add a worker.
368,PDF export missing key custom data rows (#328),"When downloading the analytics dashboard summary, the generated file fails to render the customized narrative rows present in the web layout.",Kanombe Cargo System,MEDIUM,MEDIUM,Text is missing when exporting reports to a paper file.
222,Analytics Dashboard Filter Persistence Issue,The filter I selected on the dashboard doesn't stay applied. This is annoying as it takes extra steps to reset every time. Please fix soon.,synthetic,MEDIUM,LOW,
78,Invoice Generation Error Message,"The error message when generating an invoice is a bit confusing. Could you make it a bit clearer, please?",synthetic,LOW,LOW,
492,Severe performance latency causing gateway timeouts (#331),"The main analytical reports page is experiencing massive response delays, averaging 45 seconds before dropping the connection. Sales team cannot work.",Kimironko Shop System,CRITICAL,HIGH,The system is loading too slow and timing out.
287,Billing mismatch on monthly system invoice (#869),"The automated invoicing system generated an incorrect total for this period, billing $600 instead of our baseline retainer of $400.",Gitarama Pharmacy Web,MEDIUM,MEDIUM,Wrong bill total on the monthly client invoice.
494,Billing mismatch on monthly system invoice (#190),"The automated invoicing system generated an incorrect total for this period, billing $600 instead of our baseline retainer of $400.",Kanombe Cargo System,MEDIUM,MEDIUM,Wrong bill total on the monthly client invoice.
37,"Analytics Tool Down, Preventing Critical Business Insights","Our analytics tool is currently unavailable, hindering our ability to make informed decisions. Please resolve ASAP.",synthetic,CRITICAL,CRITICAL,
113,Audit Log Entries Could Include User Information,Thought it would be useful if the audit log entries included the user who made the changes.,synthetic,LOW,LOW,
431,Severe performance latency causing gateway timeouts (#565),"The main analytical reports page is experiencing massive response delays, averaging 45 seconds before dropping the connection. Sales team cannot work.",Kanombe Cargo System,HIGH,HIGH,The system is loading too slow and timing out.
315,hello site not working help (#239),the whole app is broken we click click nothing happens screen is white blank please help fast business stop,Musanze Delivery App,CRITICAL,CRITICAL,The entire app is down. Customers cannot buy anything.
324,Database query causing 504 gateway timeout on reports,"The SQL query for gathering monthly sales metrics lacks an index on the client_id column, causing a 45 second lock. The sales team cannot open reports.",Gitarama Pharmacy Web,HIGH,HIGH,The system is loading too slow and timing out.
322,Minor typo identified within settings layout,There is a minor spelling error in the account configuration tab where 'account' is misspelled with a single 'c'. Cosmetic fix.,Gisenyi Hotel Booking,LOW,LOW,Small spelling error found on the settings page.
125,User Roles and Permissions,When assigning user roles I wish the permission list was a bit more detailed. Just a thought,synthetic,LOW,LOW,
376,Critical system crash on payment module (#490),"Since the update at 3pm, users get a blank screen and 500 error when clicking pay. Affected domain: /api/checkout. Error code: GATEWAY_TIMEOUT. All users blocked.",Kimironko Shop System,CRITICAL,CRITICAL,Mobile money payment is failing but taking customer money.
75,Delayed Ticket Assignments to Support Agents,"Our ticket assignments are being delayed, resulting in prolonged response times. We're breaching SLA and need urgent assistance",synthetic,HIGH,MEDIUM,
31,Authentication Failure on Mobile App,"Our mobile app is continuously authenticating with incorrect credentials, causing user frustration.",synthetic,CRITICAL,CRITICAL,
109,Webhook Delivery Notification Settings Confusing,"When configuring webhook delivery settings, the 'Notification' dropdown could be clearer. Just a thought, no rush.",synthetic,LOW,LOW,
335,app died (#782),it just stopped working and shows a blank white screen since morning.,Butare School Portal,CRITICAL,CRITICAL,The screen is frozen for everyone. Urgent fix needed.
268,THERE IS A TYPO ON THE SETTINGS PAGE!!!,IT SAYS ACOUNT INSTEAD OF ACCOUNT FIX THIS MINOR SPELLING MISTAKE IN THE NEXT SPRINT UPDATE!!,Butare School Portal,LOW,LOW,Small spelling error found on the settings page.
365,THERE IS A TYPO ON THE SETTINGS PAGE!!! (#513),IT SAYS ACOUNT INSTEAD OF ACCOUNT FIX THIS MINOR SPELLING MISTAKE IN THE NEXT SPRINT UPDATE!!,Rubavu Agri Market,LOW,LOW,Small spelling error found on the settings page.
127,Invoice Generation Delay After Payment,"We're experiencing a delay after making a payment, and it's taking longer than expected for the invoice to be generated. Could you speed up this process?",synthetic,MEDIUM,MEDIUM,
69,Third-party integration with Stripe is throwing errors,"The integration is causing issues with our Stripe payments, resulting in lost revenue. We're counting on your prompt attention to this issue.",synthetic,HIGH,HIGH,
497,money go out but order fail (#254),customer buy things but payment say error. mobile money take their cash but no order inside system. big problem help,Gitarama Pharmacy Web,CRITICAL,CRITICAL,Mobile money payment is failing but taking customer money.
135,You just broke my browser with the latest update!!!,"Seriously though, the new update made my browser hang every time I open the app. Can you please roll back to the previous version?",synthetic-edge,LOW,LOW,
152,Subscription Cancellation Policy,I wish it was easier to display our subscription cancellation policy,synthetic,LOW,LOW,
248,app died (#526),it just stopped working and shows a blank white screen since morning.,Gisenyi Hotel Booking,CRITICAL,CRITICAL,The screen is frozen for everyone. Urgent fix needed.
167,Database Corruption Causing System Failure,"Our database has become corrupted, causing our platform to fail. We need a fix to recover our data.",synthetic,CRITICAL,CRITICAL,
258,Database replication failure causing mass data loss,The core data cluster has failed after the last deploy. Active client records are no longer visible on any dashboard.,Rubavu Agri Market,CRITICAL,CRITICAL,All client records are missing from the screen. Team is stuck.
454,login not open code error (#735),everyone try to enter password but it say wrong token loop. nobody can do work today please fix now now,Butare School Portal,LOW,CRITICAL,Nobody can log in to work. Big emergency.
138,Analytics Dashboard Filter,It'd be awesome if the analytics dashboard had filters for date ranges,synthetic,LOW,LOW,
104,Security Alert: Suspicious API Activity,"Our security monitoring detected an unusual spike in API activity, requiring immediate investigation.",synthetic,CRITICAL,CRITICAL,
90,Third-Party Integration with Stripe Failing Silently,We are unable to complete transactions with Stripe due to a failed integration. This affects our core revenue stream and we're breaching SLA. Escalation necessary,synthetic,HIGH,HIGH,
355,Critical system crash on payment module,"Since the update at 3pm, users get a blank screen and 500 error when clicking pay. Affected domain: /api/checkout. Error code: GATEWAY_TIMEOUT. All users blocked.",Gitarama Pharmacy Web,CRITICAL,CRITICAL,Mobile money payment is failing but taking customer money.
354,reports are loading slowly taking 10 seconds,the main analytical layout page takes more than 10 seconds to load. it doesn't fail but it makes daily workflow sluggish.,Kanombe Cargo System,MEDIUM,MEDIUM,The system clock is showing the wrong time zone.
396,PDF layout stream omitting custom text blocks,"The export module is failing to map the data stream variable to the document layout, causing blank rows in downloaded reports while web view is fine.",Kimironko Shop System,MEDIUM,MEDIUM,Text is missing when exporting reports to a paper file.
43,Login Issues with SSO Integration,Our SSO integration is causing login issues for our users. Unacceptable experience and urgent fix needed,synthetic,HIGH,CRITICAL,
149,Customisation for Email Templates,It'd be super helpful if we could customise email templates a bit more,synthetic,LOW,LOW,
61,Incorrect User Role Display on Profile,"The user role displayed on the user profile is incorrect, showing an outdated role rather than the current one. Please resolve this as soon as possible.",synthetic,MEDIUM,LOW,
22,API Rate Limiting Failure Exposing User Account Information,"Our API has been abused, exposing sensitive user data. We need this fixed today to prevent a security breach.",synthetic,CRITICAL,CRITICAL,
58,Two-factor authentication is not working for users with certain phones,"Our users are experiencing issues with 2FA on certain phones, which is creating security concerns. Can this be resolved today?",synthetic,HIGH,HIGH,
382,CHANGE THIS UGLY BUTTON COLOR TO BLUE!!!,THE GREEN COLOR DOES NOT MATCH OUR BRAND Guidelines AT ALL CHANGE IT TO BLUE WHEN YOU HAVE A MINUTE!!,Butare School Portal,LOW,LOW,Client wants to change a button color from green to blue.
62,Password Reset Page Font Size,"The font is a bit small on the password reset page. Making it a bit bigger would be great, thanks.",synthetic,LOW,LOW,
360,Typo correction in settings menu localization file (#721),The string asset for account_label contains a typo where 'account' is rendered as 'acount'. This needs to be polished in the next patch update.,Butare School Portal,LOW,LOW,Small spelling error found on the settings page.
367,login not open code error (#723),everyone try to enter password but it say wrong token loop. nobody can do work today please fix now now,Rubavu Agri Market,CRITICAL,CRITICAL,Nobody can log in to work. Big emergency.
70,Inconsistent User Roles and Permissions Causing Data Loss,"Our user access controls are malfunctioning, leading to inconsistent data access. Please resolve ASAP to prevent further losses.",synthetic,CRITICAL,CRITICAL,
71,Logo is not centered on mobile.,I'm using the app on my mobile and the logo is not centered. Can you please fix it?,synthetic-edge,LOW,LOW,
409,DASHBOARD LOADING FOREVER!!!,THE SYSTEM IS SO SLOW IT TAKES 3 MINUTES THEN GIVES TIMEOUT ERROR WE CANNOT SEE THE DAILY REPORTS TODAY!!,Nyamirambo Retail App,MEDIUM,HIGH,The system is loading too slow and timing out.
480,login not open code error (#518),everyone try to enter password but it say wrong token loop. nobody can do work today please fix now now,Kanombe Cargo System,CRITICAL,CRITICAL,Nobody can log in to work. Big emergency.
46,You just broke my favorite feature!!!,I really liked being able to sort by date. Can you please bring it back?,synthetic-edge,LOW,LOW,
521,EMAILS ARE NOT GOING TO CLIENTS!!! (#714),NEW SIGNUP EMAILS ARE FULLY STUCK AND CUSTOMERS ARE COMPLAINING FIX THIS NOW TODAY!!,Musanze Delivery App,HIGH,HIGH,New signup emails are not sending out today.
336,system slow loading loop (#901),open page take too long time then say timeout error. we cannot do reporting today because it loop. please check why slow,Butare School Portal,HIGH,HIGH,The system is loading too slow and timing out.
452,Database query causing 504 gateway timeout on reports (#823),"The SQL query for gathering monthly sales metrics lacks an index on the client_id column, causing a 45 second lock. The sales team cannot open reports.",Kigali Beauty Platform,HIGH,HIGH,The system is loading too slow and timing out.
195,Authentication Loop Crash,"App crashes when attempting to authenticate, causing loss of user sessions and data. Please resolve as soon as possible.",synthetic,CRITICAL,CRITICAL,
146,Colour Scheme Consistency,I've noticed that the colour scheme isn't entirely consistent across the analytics dashboard. Just a minor suggestion,synthetic,LOW,LOW,
173,File Uploads Could Support More File Extensions,"When uploading files, it would be great if we could upload more file types than just PDFs.",synthetic,LOW,LOW,
165,"System failure, total collapse.","The app's API is not responding, leading to errors and data inconsistencies. This will compromise our business.",synthetic-edge,CRITICAL,CRITICAL,
279,Inquiry regarding documentation assets for multi-tenant administration (#135),We are setting up internal knowledge base articles and require the video walkthrough link for adding and configuring new corporate roles.,Kimironko Shop System,HIGH,LOW,Customer needs a simple guide on how to add a worker.
400,pdf download missing data (#227),the exported file doesn't match what we see on our web dashboard layer.,Remera Tax Portal,MEDIUM,MEDIUM,Text is missing when exporting reports to a paper file.
289,text not inside printed report (#710),we add words on screen but when downlod pdf file that text is gone paper look empty. check when free,Remera Tax Portal,MEDIUM,MEDIUM,Text is missing when exporting reports to a paper file.
232,Invoice microservice rounding error on calculation (#956),"Invoice #2938 shows a subtotal of $600 due to a tax configuration error, which contradicts the fixed $400 amount stated in our contract parameters.",Butare School Portal,MEDIUM,MEDIUM,Wrong bill total on the monthly client invoice.
378,Production server completely unreachable,We are experiencing an unrecoverable system outage. All active API nodes are throwing a blank 500 error page. Operations are fully stopped.,Nyamirambo Retail App,CRITICAL,CRITICAL,The main link is completely broken. Business is stopped.
183,Session Management Issue with IP Address Blocking,"Our IP address blocking feature is having trouble persisting, resulting in unexpected logins from blocked IP addresses. Please fix soon.",synthetic,MEDIUM,MEDIUM,
106,Minor Color Scheme Issue in Email Notifications,The color scheme in the email notifications looks a bit off-brand.,synthetic,LOW,LOW,
395,File attachment module throwing errors (#445),Users are unable to upload any compliance documentation or image files. The system rejects the payload at 99% with an unhandled exception.,Nyamirambo Retail App,HIGH,HIGH,File upload button is broken. Users cannot add attachments.
162,Critical CSV Export Failure,"A crucial CSV export for our regulatory compliance is failing, requiring an immediate resolution.",synthetic,CRITICAL,CRITICAL,